destination_id,destination_name,country,current_cover_image_url,new_cover_image_url,photo_credit,notes
7bf97db0-0333-4c7a-907b-d4f408aa78e5,Agra Fort,India,"","","",""
bf0e9fd3-5108-4529-9873-574791fd01bf,Itimad-Ud-Daulah,India,"","","",""
04da5978-b51d-4f23-8945-9e37d4ae7c04,local handicraft and jewellery shops,India,"","","",""
4aabc805-e8c2-4ec4-ab44-bb6ac033945c,local hotel restaurant,India,"","","",""
adee816f-dee0-4a05-be13-3bc9c38a3a3a,Taj Mahal,India,"","","",""
2ee1f437-5c91-4087-a88e-5e70aae2e828,Ada Garden Hotel Okinawa,Japan,"","","",""
fe09726c-414f-4a8e-87cf-27583b8d6127,Cape Hedo,Japan,"","","",""
49243dc0-35de-4643-9c76-19eb25740c93,coastal settlements,Japan,"","","",""
bf84d05e-34d6-446c-a937-600be6e823f1,Emi no Mise in Ogimi Village,Japan,"","","",""
9c0fe029-f3a2-4f40-a062-fa5030173bf9,family-friendly restaurant,Japan,"","","",""
b7a7e765-04cc-40de-ae6b-62bae3033faf,farmer's farms in Yanbaru,Japan,"","","",""
7babf2e6-5aad-4791-b5b0-691719c25dab,fishing vessel,Japan,"","","",""
d84f5bcf-7c36-4855-a6f5-910b882d5ac7,fishing village,Japan,"","","",""
46ed1201-bd3f-45c9-8e1f-689bfbc7bdc1,former Shioya Elementary School,Japan,"","","",""
7de5ceea-8bf7-40e4-8b8e-9cbe8baa6782,historic district surrounding Shuri Castle,Japan,"","","",""
8c9785d0-e6c6-494b-8cf0-cb63df2b64c4,historic neighborhood surrounding Shuri Castle,Japan,"","","",""
2c5f301f-a84b-4d5e-b6dd-16a1953728d3,living reef,Japan,"","","",""
fe24a31c-f136-4157-8499-169ee045a9e2,living reefs,Japan,"","","",""
bab88cb7-c709-4165-826c-d415848b77c0,local restaurant,Japan,"","","",""
91f62ee0-0a22-475c-a77c-2bfe80950bdb,medicinal herb garden,Japan,"","","",""
949b04c7-d0e0-42d6-9546-4ae52f6626cb,northern Okinawa fishing villages,Japan,"","","",""
60081905-6b72-48d4-8f7b-5cbdf1634f4d,owner-chef's restaurant in Shioya,Japan,"","","",""
3c3069ec-a1a7-487a-9ca5-0b66da6f1378,reef,Japan,"","","",""
3f043923-b3a1-4757-aa62-00a8e8e5b4e0,Sabani boat-building studio,Japan,"","","",""
f85b61fc-ef71-48e7-8517-4305502f3e44,sabani boat workshop,Japan,"","","",""
335be7ea-6512-4c8b-9eff-fcdcd91dd38a,shallow reefs near working fishing port,Japan,"","","",""
9b505ebf-44ba-4dcc-ab5d-972ca979f726,shallow reefs near Yanbaru,Japan,"","","",""
9db27ce0-326d-4715-adf9-b3f9e73149ee,Shioya,Japan,"","","",""
078e27df-cbd8-400e-a71c-7a98d3afc340,Shioya Community Center,Japan,"","","",""
c5dd9e98-8fcb-44d2-8b4f-8d3bdcf82b91,Shuri Castle,Japan,"","","",""
25bad288-e144-4c99-90ef-ede1033615fa,traditional Okinawan home,Japan,"","","",""
1207cb04-9996-48d5-85fe-29a2d9f125f9,Utaki,Japan,"","","",""
52bfb740-19fb-4c66-bfd3-ac075c6ba148,utaki at Cape Hedo,Japan,"","","",""
771c6fd5-2a6f-48a3-8208-de858390a656,working fishing port,Japan,"","","",""
a8e346d6-86c9-4e5a-97e3-10df3234cadd,Yanbaru,Japan,"","","",""
e9865816-7364-4ea6-a0e2-8e4def755b90,Yanbaru waters,Japan,"","","",""
0560a95c-758c-4244-a507-cf01f2339fd1,Yanbaru World Heritage Forest,Japan,"","","",""
ab7eec7e-deac-4d8a-a259-793e3d7fbb92,100 Waterfalls cascade,Laos,"","","",""
d85cfc65-aa3b-4525-b310-9d64f3f314e8,Bamboo Experience,Laos,"","","",""
ae13e2ff-b6e6-4f73-a539-0d6f1097ab79,Ban Chan Pottery Village,Laos,"","","",""
a8ec74ad-62b4-4e52-89d3-77240f905522,Ban Nayang,Laos,"","","",""
901ea932-0c10-4b76-9131-bbeb89068d1e,Ban Pak Ou village,Laos,"","","",""
bd8740b5-8adb-42ab-b8ef-002d3619f9a4,Ban Xang Hai,Laos,"","","",""
d981407e-dbd9-4bbb-9815-da8af1a122d5,Ban Xang Khong,Laos,"","","",""
f31b4fa5-f380-47d1-8b5d-2b4e3c6fc3f7,Bear Rescue Center,Laos,"","","",""
3dd78cd6-3a2d-4891-a8b7-c559a5a87669,"Bear Rescue Center, Kuang Si",Laos,"","","",""
66d9f932-4f26-4507-9fc7-98356df8ee4b,Bear Sanctuary,Laos,"","","",""
92e01b96-b79b-43bf-904a-ce69a80a87a5,Big Pha Ngern,Laos,"","","",""
e27e8265-6ba5-4d8d-961f-9e01186263dc,Blue Lagoons 2 and 3,Laos,"","","",""
bbe2ecc1-23ec-4056-9ce6-09a660d8b1b2,Bolaven Plateau,Laos,"","","",""
9dd11e4b-7017-4000-9785-a7132aed74c0,Buddha Park,Laos,"","","",""
33678e96-4dce-4787-a458-b5390aa4cfec,Buddha Park (Wat Xieng Khuan),Laos,"","","",""
5028147e-a1d4-4f52-b966-5123449278e0,center's restaurant,Laos,"","","",""
3354dc3f-0286-4dbd-a816-43729cff9a78,Champasak,Laos,"","","",""
0ae209e3-6a05-4f3a-b2ad-9aac0b917efd,Champasak's French colonial riverfront,Laos,"","","",""
a29f34f9-131c-4b48-8631-b093d9b2066f,Chomphet,Laos,"","","",""
59f0d5af-836e-4ebb-89e0-7ffbdb6b9706,Chomphet Loop,Laos,"","","",""
78ab8895-973b-423a-9d4b-d7ff28ca1434,Cope Centre,Laos,"","","",""
a2fbf087-9ca8-463f-ba1e-a05e42bc04dc,countryside surrounding Luang Prabang,Laos,"","","",""
ae93ed50-693d-4092-8e6e-4b47fc16b252,Don Daeng,Laos,"","","",""
36fc19dc-d227-4612-880e-0f02d781b8ab,Don Daeng island,Laos,"","","",""
37066723-6df9-4847-a073-1dc8e3380fd6,Done Khong,Laos,"","","",""
785bd622-b284-49ca-8511-bf98e20f6952,Don Khone,Laos,"","","",""
45b48bb0-64b8-4268-9bf1-718aca5ca69c,Don Khone island,Laos,"","","",""
052f353a-0e04-45c1-9b39-f2a2f856a3d1,Elephant Conservation Center,Laos,"","","",""
b252add7-3cec-41f1-aee8-4c52acc6b01e,Elephant Crossing Hotel,Laos,"","","",""
6ed7918f-f824-4b92-a9a9-a97876a67386,former royal court member's house,Laos,"","","",""
49f6dc14-7c91-4b4a-bddb-91b711d16e85,French colonial-era bridge connecting Don Det and Don Khone islands,Laos,"","","",""
26022a2c-bdb9-4407-8f67-5c58e03e7cd1,geothermal hot springs near Viengthong,Laos,"","","",""
8031a0c5-5b0c-4da0-a6b5-87738b0d923a,geothermal hot springs outside Viengthong,Laos,"","","",""
7c1be208-e5a2-4699-9fc0-0d00d3b42592,Green Jungle Park,Laos,"","","",""
ac69aebb-5966-4a3e-983e-a0ee7251d141,Heuan Chan,Laos,"","","",""
89931c03-6bdc-42fe-8f2a-456ad03cb74d,Hinehup,Laos,"","","",""
71ed7ba1-8e7e-4391-bdac-7793739f3021,Hmong and Khamu villages,Laos,"","","",""
30d35439-687e-45e2-ae68-83b446f3832d,Hmong villages along Road 13,Laos,"","","",""
99fe8e5f-f186-4e59-ad39-e860cb4115fc,Hor Phra Keo,Laos,"","","",""
a329a552-4bc5-49a0-8bad-5b8017bdffab,Huai Kan Dam to Luang Prabang,Laos,"","","",""
d15af46e-c755-4b33-a903-89d349834f59,Information Center,Laos,"","","",""
8751d443-d0d0-46f7-bee6-ca479d1a9c1b,Kasi to Phoukhoun,Laos,"","","",""
d4950c64-fd04-4ae5-aae5-760a1a83fa43,Khaiphaen Restaurant,Laos,"","","",""
e9d6563e-7f59-404b-96bf-23440a78b211,Khone Phapheng Falls,Laos,"","","",""
f27246a5-4072-4a4d-b319-eb5503d166d6,Kiao Niao Farmstead,Laos,"","","",""
7bab0482-7b0f-4fb7-a0e5-beba91e057df,Kiu Kachom,Laos,"","","",""
6bf9c2b3-bf59-40a4-8718-151536c2fe87,Kuang Si Waterfall,Laos,"","","",""
4466462c-2f76-4c69-a687-8505b6b9698c,Kuang Si Waterfalls,Laos,"","","",""
8bc3cc4c-8d70-409d-8930-08f6f642f787,Kuang Yui Waterfall,Laos,"","","",""
a7e9765c-1ba6-483b-b13c-37dd23e172f0,Kuang Yui Waterfall and ancient forest,Laos,"","","",""
ee88b8fb-bff2-4bce-800f-a6c74cd360b5,Lao Buffalo Dairy,Laos,"","","",""
9da51ff5-b609-4a62-9fd1-cb88a4b285a8,Laos Buffalo Dairy,Laos,"","","",""
d6839d1b-f263-4c7e-b26b-d8efef62ab39,Laos Wildlife Conservation Trust,Laos,"","","",""
690c53cf-509b-404e-b411-216615cdda45,Living Land Farm,Laos,"","","",""
991326c1-ba45-4fe4-ac62-cdf34fe9c9ec,local house,Laos,"","","",""
0dab2d54-2f00-4fd3-986a-3fcf0c267996,local household,Laos,"","","",""
c7945b0b-39b1-46b3-a1ee-331973139075,local market,Laos,"","","",""
51c67278-6508-4689-b466-ea5863c77bdf,local markets,Laos,"","","",""
cdbbab83-1ff7-4f23-a8d6-e5185bfe7224,local riverside café at Buddha Park,Laos,"","","",""
3edcfbee-6380-4c61-bebd-d71f22a10a8a,local temple,Laos,"","","",""
a213cca5-b186-45ea-bfa1-97b27c67ed3d,Luang Prabang,Laos,"","","",""
fc0175c8-f734-435d-857a-05db7fc35310,Luang Prabang outer roads,Laos,"","","",""
5a0be664-1795-418a-8308-762bd147a0f7,Luang Prabang's morning market,Laos,"","","",""
5050d61e-f18f-4b4f-bb66-89378e2f0f26,Luang Prabang's UNESCO old town,Laos,"","","",""
e258c959-587e-4c68-b4b1-610ac8e762bc,Luang Prabang to Kasi,Laos,"","","",""
ecab4dd0-9098-4798-8dfe-b51aa42ac667,Male Elephants Socialization Area,Laos,"","","",""
fcc67c54-8339-4c18-ad55-fd7e9a6ca69f,Mekong embankment,Laos,"","","",""
99cf5698-0429-41fb-a9eb-4e923ddb70ed,Mekong River,Laos,"","","",""
91c14d05-c707-4e39-87b8-cc40ca55a1bb,Mekong river departing from Wat Xieng Thong,Laos,"","","",""
ec7a0622-a9bd-4b26-933e-90d6afa4d309,"Mekong river, departing from Wat Xieng Thong",Laos,"","","",""
e5025282-cb83-4d7f-8a24-d9511c8137b6,Mekong River waterfront,Laos,"","","",""
be0b7450-9d78-404e-b371-990fc89f0ba4,Mekong's bank,Laos,"","","",""
3bdd70e3-b9a6-458e-a345-419512767ad0,morning market,Laos,"","","",""
72cd4ab4-23cd-4f49-8a72-76457076c088,"Morning Market, Luang Prabang",Laos,"","","",""
64948c8d-f76f-42f0-ba22-5d79a28a273b,"Morning Market, Luang Prabang old town",Laos,"","","",""
9db8d8db-7020-420f-9f19-5977aacf49e7,mountain passes between Phonsavan and Viengthong,Laos,"","","",""
bbbaa12e-12b0-4f7a-aac9-ca13faa44648,Mount Phousi,Laos,"","","",""
0d874f06-e425-402d-b4ae-bba1dcca7150,Muang Fuang,Laos,"","","",""
680b31cb-ea7d-4db9-b8a0-38490d9d7382,Namkat Resort,Laos,"","","",""
090c2606-6145-42ca-b588-f73e84f64bcd,Namkat Yorlapa,Laos,"","","",""
58db9cb9-415a-48f3-994e-a0797ddbf5d9,Namkat Yorlapa Resort,Laos,"","","",""
18d8d522-c0bc-459e-94b4-5eab2c038cd1,"Namkat Yorlapa Resort, Oudomxay Province",Laos,"","","",""
835ded40-3f67-4ad2-b09c-80f58f3f6687,Nam Lik Riverbanks,Laos,"","","",""
d7e002a8-973e-445f-810f-5e0ce1bfb59f,Nam Neun,Laos,"","","",""
b8d3fce8-eef1-40c4-97e0-6d0b40ab327b,Nam Ngum Lake,Laos,"","","",""
a18fd876-851c-4adb-b762-8724c1dc21d0,Nam Ou,Laos,"","","",""
75c15d48-a2c8-4ee7-842c-6c4160912885,Nam Pien Yorla Pa,Laos,"","","",""
cd761f7f-c708-4e78-bebd-fcf4a8bbcf25,National Museum,Laos,"","","",""
e50412f3-5b53-487f-9aae-5a2db7b36682,National Museum and Hor Phra Bang chapel,Laos,"","","",""
4d158557-a958-4e42-bcd0-80e8623378da,National Museum (former Royal Palace),Laos,"","","",""
4aa344ba-097b-4bd9-b145-44bd53e2d7fc,Night Market,Laos,"","","",""
c2344921-4bec-4855-9678-8e233adea7a7,Nong Khiaw,Laos,"","","",""
62772375-65d3-4a9f-9ac1-33849e712a69,nursery,Laos,"","","",""
c2c593aa-2839-4d56-a16d-8bf97abb358a,Ock Pop Tok,Laos,"","","",""
e2ad03c7-0445-4de1-97d5-86252ee83fa9,Pak Beng,Laos,"","","",""
75a8e124-10eb-4f51-9940-1438e8421b8b,Pak Chom to Muang Fuang,Laos,"","","",""
309d27e9-6bc0-44d8-9f0b-0e98e88c0be5,Pak Ou Caves,Laos,"","","",""
ef788b37-3171-49a3-b0f3-4f8ebcb404f4,Patuxay Monument,Laos,"","","",""
cd9367a2-2e3d-4180-ba7a-1bf3b0773a17,Pha Phou viewpoint,Laos,"","","",""
865a0f6f-20ca-4837-babe-2435cff4aa26,Phonsavan,Laos,"","","",""
94c64df8-85c5-41d3-9565-872289d4035c,"Phosy Market, Luang Prabang",Laos,"","","",""
db8f1085-1a29-4d64-a083-c26d3ce0b980,Phou Khao Khouay,Laos,"","","",""
470a933f-fc27-4c92-9c01-7e12fdef3356,Phou Khoun,Laos,"","","",""
25ac6525-aac5-4972-8910-4e79f652429a,Phou Si hill,Laos,"","","",""
2dfe016b-f980-419b-8730-c249793b032e,Plain of Jars,Laos,"","","",""
7cc7ffd1-3154-47c6-9b55-e7f8550a3f86,"riverside beach, Nam Ou",Laos,"","","",""
42cd8d5a-c6ea-4682-a510-c030fe73c31a,Royal Palace Museum,Laos,"","","",""
d6425301-4e33-4769-a6ab-17b9472a145f,Royal Palace Museum (National Museum),Laos,"","","",""
4e713a4c-8c12-44d6-8a40-23e35068c292,Si Phan Don,Laos,"","","",""
04c24419-fe84-4ac8-9192-3621f2149c3f,Si Phan Don (the Four Thousand Islands),Laos,"","","",""
ee1a1066-e60a-4d36-beb8-1ac850e8503f,"Socialization Area, Elephant Conservation Center",Laos,"","","",""
e96dad85-d62c-4a99-b2ad-f78873cc3af2,Tad E-Tu,Laos,"","","",""
2c9db692-6104-4365-8dfb-180f6a4955cb,Tad E-Tu Waterfall,Laos,"","","",""
c01d83ec-2683-4b09-8b82-fa399bfd792b,Tad Fane,Laos,"","","",""
6d1d6d6b-b0d3-4179-9680-8e60f3fb2ffe,Tad Yuang,Laos,"","","",""
5bdaf8c7-a61b-4a66-94ca-8054f4475500,Tamarind Cooking Class,Laos,"","","",""
dc8be442-2023-4d14-8935-84f049eb0285,Tat Khamued,Laos,"","","",""
ac14a550-a346-4c2e-a376-e25a195b8dda,Tat Kuang Si Bear Rescue Center,Laos,"","","",""
c7cc120f-9c1d-44f6-a198-00a636de21a6,temple,Laos,"","","",""
78c57f0f-62cf-49bb-b798-6888f1171a94,Tha Huae,Laos,"","","",""
d387992a-49e7-4888-8e8c-3d5e406a0462,Tham Cham Cave,Laos,"","","",""
02fb252d-2675-4fbe-8155-1263a3dccd39,Tham Ting and Tham Thueng caves,Laos,"","","",""
527b91ea-ce13-4ff1-8562-9bdc6116dde6,Tham Ting and Tham Thueng caves at Pak Ou,Laos,"","","",""
0ffe2b53-f63b-43ea-b509-e75e789046ff,That Luang,Laos,"","","",""
8e1123db-47dc-473a-b9dc-c4850f7209d7,That Luang Stupa,Laos,"","","",""
dd6919ce-079b-476e-bd81-06e62bce8cf6,That Luang temple,Laos,"","","",""
e59e795c-c0a9-4082-ba52-430716274b8e,That Mak Mo (Watermelon Stupa),Laos,"","","",""
2a5b8df3-5212-41ae-8f63-76986418c075,Vang Vieng,Laos,"","","",""
77594733-180b-4f1c-a280-51333f278d6a,Vang Vieng Blue Lagoons,Laos,"","","",""
f6848888-ae6a-4c4f-af64-e12648bb35b8,Vang Vieng Blue Lagoons (1–3),Laos,"","","",""
f6fb337c-136e-4e44-a8ea-a67677505c9e,Vat Phou,Laos,"","","",""
892f124f-3659-4482-b33e-66fe2ba133ee,Vieng Kham,Laos,"","","",""
88634fc3-3369-452a-962d-74bab0e6324f,Vieng Kham to Nong Khiaw,Laos,"","","",""
b4b6cc34-84e8-4901-a35b-4d4e6e047d38,Viengthong,Laos,"","","",""
9b0f441f-cfb3-4756-be73-fa7c50880e14,Viengthong to Vieng Kham,Laos,"","","",""
15a1f88c-e7e3-43fb-a55a-cf596b17263b,Vientiane,Laos,"","","",""
6fb5140a-036b-4464-827a-2042c5db654d,Vientiane's local markets,Laos,"","","",""
465c63a9-e223-41ef-abc8-0277b7017694,View Café,Laos,"","","",""
118eb341-7067-411e-8dd6-93261e1f9bb6,waterfall ridge,Laos,"","","",""
f0d7738c-20e9-4359-9ff8-59b2ea1ca85e,Wat Mai,Laos,"","","",""
735acb0e-9baf-4bb3-88e7-eaf1aa203365,Wat Mai Suwannaphumaham,Laos,"","","",""
b93feca4-43f4-4849-af99-3f3dc8a837db,Wat Sisaket,Laos,"","","",""
b2f06d98-c043-4c3d-8a96-3d0853de2aac,Wat Si Saket,Laos,"","","",""
1782c81f-2697-4c64-b07c-5b45c3fc326b,"Wat Si Saket, Vientiane",Laos,"","","",""
43dd131b-8904-45d7-8f42-3fda898e89ee,Wat Visoun,Laos,"","","",""
57b7c75f-140d-49ad-b216-f396ba8dabcb,Wat Visoun and the That Mak Mo (Watermelon Stupa),Laos,"","","",""
7c236efa-205a-430b-9cba-a1de31feb0cb,Wat Visounnalath,Laos,"","","",""
8dc0f433-025f-4680-bb34-16f2effa38cb,Wat Xieng Khuan (Buddha Park),Laos,"","","",""
97bbc5b1-5528-4af7-bd34-d0b4df8b2382,Wat Xieng Thong,Laos,"","","",""
a18e2deb-6bf6-4811-8685-ffed5fd4f707,Annapurna Base Camp,Nepal,"","","",""
eed16f24-473b-4684-a7b9-9e946504e919,Annapurna Sanctuary,Nepal,"","","",""
43756d16-4653-489f-a4ba-6ab5e75212f0,Annapurna Sanctuary to Chhomrong,Nepal,"","","",""
de8fe51b-ed1d-4ded-9e81-be6a06936d86,Annapurna South Base Camp,Nepal,"","","",""
2d87d09f-b4b3-4e39-ad0e-c6af2fee140f,Annapurna South Base Camp to Himalaya Hotel,Nepal,"","","",""
3acc0cbb-2f51-4597-b882-95dee30fe52b,Bamboo,Nepal,"","","",""
3652c0ca-1242-4d82-bada-fc1467fa730d,Banthanti,Nepal,"","","",""
e89ca08f-3f7b-48a3-ada6-49e7bdfb5ec0,Banthanti to Ghorepani,Nepal,"","","",""
06c8d5d9-01d1-4e6f-9480-f9c00255c70a,Birethanti,Nepal,"","","",""
4565213c-6400-4b46-b32c-997c2f4771ca,Chhomrong,Nepal,"","","",""
c3e6feb7-dc72-4a9e-8e99-81c8ab6a84ed,Deorali,Nepal,"","","",""
c3de4fec-c81f-45a1-bd13-21b25484d840,Dhampus,Nepal,"","","",""
3ff61360-3952-4ad9-82cc-6c7bebade195,Dovan,Nepal,"","","",""
d3ff4cb0-445c-48bc-9852-3aaa5c7fde3c,Ghandruk,Nepal,"","","",""
88555269-1c3e-405c-9918-46a8188b2a7d,Ghandruk to Tadapani,Nepal,"","","",""
0baed17e-3165-4f5d-9df8-7f62631b2306,Ghorepani,Nepal,"","","",""
78c2ef89-87ef-4069-9456-ad7544da2e98,Ghorepani to Nayapul,Nepal,"","","",""
8313f53a-1597-463e-b761-316df4f8969f,Himalaya Hotel,Nepal,"","","",""
9671f8ba-650b-40f2-b18e-d02a91b81f96,Hinku Cave,Nepal,"","","",""
d6e48482-6bef-47a4-b12e-3a33110fffa9,Jhinu,Nepal,"","","",""
ad00c9b5-b892-4321-bf09-bdb163380069,Jhinu hot spring teahouses,Nepal,"","","",""
40e8b180-4327-44a6-b6ff-2e0f5e993107,Khuldigar,Nepal,"","","",""
1aa6cd64-e0f5-481d-a99c-e1757ab6d6a0,Khumnu Khola,Nepal,"","","",""
626051ac-4e90-4e6d-8bcb-a5896b9c0f06,Landrung,Nepal,"","","",""
fb23a81f-621d-4085-a6d4-d9ef22185612,Landrung to Chhomrong,Nepal,"","","",""
b8096db2-8726-4b3a-9a58-5fb6a468fd71,Machhapuchhare Base Camp,Nepal,"","","",""
987c52bf-2f87-42d0-8a8f-ecbbd7ee6b71,Modi Khola,Nepal,"","","",""
d591b157-16b4-4560-aca1-a25fcb293d74,Phedi,Nepal,"","","",""
da22597f-d62d-4720-b025-fbde8d45ad16,Phedi to Dhampus,Nepal,"","","",""
db988431-90f6-4844-a501-667b5f66d6f1,Pokhara,Nepal,"","","",""
ff1b6105-419e-4daf-8c5e-0e87d1584f39,Poonhill,Nepal,"","","",""
6be86d5a-470f-4a72-b097-1eb6a87e43f5,Pothana,Nepal,"","","",""
c0692809-aca0-42a3-90b6-5eeacdd97abe,Tadapani,Nepal,"","","",""
167a0a3b-28b2-48a4-930f-2e6dd6eccacc,Ulleri to Hille,Nepal,"","","",""
335a954e-d97c-4bd0-9c8c-453eb39ee887,Ari Trail,South Korea,"","","",""
a238b4c9-f442-44f9-a80c-3725a3bf4b1e,Baegak section of the Seoul Fortress Wall,South Korea,"","","",""
609be705-546b-415f-b809-5047725d94ee,Baengnokdam,South Korea,"","","",""
36430a4b-ed11-4fd2-bea4-6e687b1ee2e2,Boriam Temple,South Korea,"","","",""
e3619942-5d26-4fa5-adac-f636e839a880,Bugaksan Fortress Wall,South Korea,"","","",""
4355d344-802d-4d96-9159-bd8cb7eeb4b5,Bukchon Hanok Village,South Korea,"","","",""
50bb6c00-ee2d-48fb-8541-b9ce67ee5f6c,Busan,South Korea,"","","",""
98eee4c6-4aaa-4cc8-825f-5bf3861f8000,Busan port district,South Korea,"","","",""
38b01372-cc72-4d75-90d0-9d29746ca420,Busan port district and riverside paths,South Korea,"","","",""
46e784f0-14e6-41c6-aea3-2e0608cf1a4f,Busan's port district,South Korea,"","","",""
bcf94d0b-f139-4b49-9950-45c66fe34a85,Busan's port district and riverside paths,South Korea,"","","",""
cdd2051a-be49-4ecc-96c8-6a672a8a5006,Darangee beach,South Korea,"","","",""
f2230fbd-faff-4f74-9ba8-e3b2b263fcbe,Darangee Village,South Korea,"","","",""
6d1c2a5c-1887-4222-b2d3-cf285348adc8,Dolce Hotel or glamping site,South Korea,"","","",""
c6febdfb-031d-4cc3-8c71-98e6973923f3,Dongmun Traditional Market,South Korea,"","","",""
8d75e413-4c61-46b1-a216-b33660c44153,Dumo beach,South Korea,"","","",""
d3ecb9e5-d61c-40a3-9ea7-6c6882cc6d1e,Dumo Village,South Korea,"","","",""
737ee76f-211b-40d9-af18-ff27598dc615,Gangnam side,South Korea,"","","",""
7e1eb559-c39c-4e94-9197-d6fed973a2a4,Guryong Waterfall Trail,South Korea,"","","",""
30b99486-692e-43bc-860d-1dde63d040a3,"Guryong Waterfall Trail, Jirisan National Park",South Korea,"","","",""
252bc909-42ad-45bf-86db-dde1c11067d3,Gyeongbokgung Palace,South Korea,"","","",""
14861b4c-2462-47d1-a537-6f474436e19a,Haenyeo elder,South Korea,"","","",""
b0101d53-3a38-4acd-8087-2aad32ec5e79,Haeundae Beach,South Korea,"","","",""
c832f71b-5489-4e4a-9995-b834f26aff63,Hahoe Folk Village,South Korea,"","","",""
95bbd429-362a-4f5b-8d5e-e68595ee80da,"Hahoe Folk Village, Andong",South Korea,"","","",""
1808eace-2afe-4d23-b8ee-6c6b8fc97771,Hallasan,South Korea,"","","",""
cec702e4-0932-4943-b2d7-4ff5a22b5710,Hallyeo Marine National Park,South Korea,"","","",""
0d73faab-db55-4934-9d83-994d4ae3178d,Han River north bank,South Korea,"","","",""
78b2b156-de86-424a-8d10-d7be550a528a,Han River Trail East,South Korea,"","","",""
e5f6a0ce-9957-4511-98d8-78326a1b5a02,Hapjeong Junibino,South Korea,"","","",""
d977d726-2e32-4f33-9695-9a0e8fa008da,homestay,South Korea,"","","",""
d9e0de9e-118d-4508-b308-5d7ffd920450,Icheon,South Korea,"","","",""
15dca585-2b37-4795-b5b2-bb8802c52574,Intrada Hotel,South Korea,"","","",""
2c4be793-6616-457b-b69f-2d445e4400c3,Jaman Mural Village,South Korea,"","","",""
7ddb2c68-46d8-44ad-bf49-c34ff743c79a,Jeju black pork barbecue,South Korea,"","","",""
f12663bb-a9f6-48b3-9b7b-9ae41596ba97,Jeju Island,South Korea,"","","",""
36bb1451-0008-4e17-840f-6b0ad9078a6f,Jeonju,South Korea,"","","",""
5f3b86d0-1647-4ef8-8473-ca8c1f897ea0,Jeonju Hanok Village,South Korea,"","","",""
d8ab3b16-1524-4cb2-b849-2b4148b07d51,Jeonju's hanok quarter,South Korea,"","","",""
d07c9151-7259-4275-af0e-c90652fb07a4,Jingwansa Temple,South Korea,"","","",""
2592518c-ba75-4b99-8a81-750126cdb27f,"Jingwansa Temple, Bukhansan National Park",South Korea,"","","",""
2c9e6fd4-4eae-41e1-ac2f-dae0676c8410,Jirisan National Park,South Korea,"","","",""
7aac5e06-2215-4285-8563-41a9ed44b293,Lee Design Hotel,South Korea,"","","",""
631e754d-8f5a-43f2-8049-153f30b939db,Leeum Museum,South Korea,"","","",""
6918b50d-2fd7-44eb-91f1-cb7cc9a57078,local kayak center,South Korea,"","","",""
eabd2945-b520-4385-a44a-f324292b7030,Manjanggul Lava Tube,South Korea,"","","",""
8033cf59-99d6-471f-b944-8b4cf2b84dd4,Mt. Geum,South Korea,"","","",""
75427021-6866-493b-a746-942d8c5e09a9,Mt. Naejang,South Korea,"","","",""
e06dcff5-39c0-4d92-a891-ccdac37e3efa,Myeongdong,South Korea,"","","",""
9195bc1c-c371-4c25-b6bd-fa8e17e8a4c4,Namsan Mountain,South Korea,"","","",""
4095d0ff-7255-40ac-94c8-4207346072b5,Namwon,South Korea,"","","",""
3f07f785-d829-4936-ade3-62301b69187e,National Folk Museum,South Korea,"","","",""
a2a954ca-4dd2-4981-adc7-760a1d5b0fd2,nearby hermitage,South Korea,"","","",""
e18e28bc-34d9-4e00-99e0-af266a5c9201,Nodeul Island,South Korea,"","","",""
96ae2e93-afb8-4058-99d9-93fe98a8c234,Olle Trail Route 7,South Korea,"","","",""
37f7fd2f-aa98-4a32-ac8a-6bf381b0154e,Paldang,South Korea,"","","",""
4c2e2075-f05d-4690-a749-ad83ce873d42,Seongeup Folk Village,South Korea,"","","",""
b9ddb34a-7d2e-477c-8f3c-33408692e14d,Seongsan Ilchulbong,South Korea,"","","",""
f9864a2e-aae9-4fe4-b202-7686593a7f2c,Seoraksan National Park,South Korea,"","","",""
a6464a57-989e-4b41-a2da-234c9bd24d84,Seoul,South Korea,"","","",""
6e640bca-1c04-47d6-91c4-999bd545454b,Seoul Forest,South Korea,"","","",""
ca678ac7-568e-4324-aeeb-8c2312a6138d,the harbor,South Korea,"","","",""
ceee04be-0cb1-4174-ae02-de26eb5d9255,traditional jjimjilbang spa,South Korea,"","","",""
f9a93d1d-658e-4efc-912c-293751114caa,Ulsan Rock,South Korea,"","","",""
0bfc1a2c-0d1d-4b65-ae5a-bad56edb3b8c,"Ulsan Rock, Seoraksan National Park",South Korea,"","","",""
c93cc891-fa33-4696-8c56-a5e059d5c342,village center,South Korea,"","","",""
1ed4a984-ebd5-49bf-9ef7-20746feae533,Yangpyeong,South Korea,"","","",""
8c92a176-a85b-4bbf-b46a-81324b12c763,Yeouido Park,South Korea,"","","",""
f27fbfb2-6406-4c88-aa74-0e388ab5dd4c,Yongin Folk Village,South Korea,"","","",""
de6b39c0-5092-4fcd-8833-641e90c6f24c,Alu Viharaya,Sri Lanka,"","","",""
ce4d872d-974a-4a59-b8ee-27fe76c82b2c,Ambuluwawa Tower,Sri Lanka,"","","",""
cc9adff7-097c-4a49-8063-ed19195b0078,Anuradhapura,Sri Lanka,"","","",""
965d87c8-a499-4c99-8478-57fad6507d58,Aukana,Sri Lanka,"","","",""
7bc55fbd-76f1-4ba9-ae91-f006efa78fe4,Aukana Buddha statue,Sri Lanka,"","","",""
28110392-c2db-44b2-96b6-8e9050913947,Bandarawela,Sri Lanka,"","","",""
bf9dfe44-f520-482e-afd0-a35e6c0869f0,beachfront hotel,Sri Lanka,"","","",""
3cd2bf9a-cb87-4876-8ac6-a050c9a88cfc,Bentota,Sri Lanka,"","","",""
1ff69bad-c0a6-4911-84dd-7a9269a40594,Bundala National Park,Sri Lanka,"","","",""
76611932-be2e-40c5-b4c1-c69703417078,Chilaw,Sri Lanka,"","","",""
dbf5e47d-0bd6-480b-84de-22c89f2fbe23,Colombo,Sri Lanka,"","","",""
0e4b16a6-805a-4c2c-ae1f-72d51e9576b5,Dambulla Cave Temple,Sri Lanka,"","","",""
47d65837-5f30-4757-9575-6385d1a86e22,Dambulla Cave Temples,Sri Lanka,"","","",""
3471afd5-0594-4f0c-b7e2-3554f552c682,Devon's and St. Clair waterfalls,Sri Lanka,"","","",""
77ced495-c65d-4d2f-92a0-617685f7b4c4,Elephant Transit Home,Sri Lanka,"","","",""
b6a8dc47-9b10-4439-aa74-bb4712180cff,Ella,Sri Lanka,"","","",""
34cb91d5-7dad-4915-ba9d-30106dc72210,Ella Rock,Sri Lanka,"","","",""
61e0d302-1fd2-457c-a074-aa337929ecc5,Galaha to Loolkandura,Sri Lanka,"","","",""
f9888220-b2d4-4c22-853f-7c33468fd8f2,Galle,Sri Lanka,"","","",""
fd10f894-f511-48a8-b79c-2984ecee7100,Galle Dutch Fort,Sri Lanka,"","","",""
c5236d4f-1c34-42ef-94cd-d0bc623d422a,Galle Fort,Sri Lanka,"","","",""
29932685-ecd5-49e3-a00f-b38e4a15f87b,Gal Vihara,Sri Lanka,"","","",""
6988cca3-6eaf-402e-9e93-658d6164d4bd,Habarana,Sri Lanka,"","","",""
ef0c7b7b-9743-4c64-896a-6a0776380a6d,Hambantota Bird Park,Sri Lanka,"","","",""
721ed12f-f400-4285-8e6c-caad24916e99,Haputale,Sri Lanka,"","","",""
81f3a0b5-eac0-49ad-a496-793cb04ad819,Haputale to Bandarawela,Sri Lanka,"","","",""
4b343851-75af-41f9-8500-b37a9a6cb28f,Horton Plains National Park,Sri Lanka,"","","",""
a438df62-8629-4e20-9596-dd478f72922d,Hotel Chandrika,Sri Lanka,"","","",""
6443abf5-0424-4f81-9712-173b06fdf06d,Kalu's Hideaway Hotel,Sri Lanka,"","","",""
fb16e906-663e-42e1-aab1-48e4b400b857,Kandy,Sri Lanka,"","","",""
affa289e-ae4e-4e6b-ac94-55afdde7c90b,Kandy Lake,Sri Lanka,"","","",""
ba69d8b3-8572-4e73-ab25-421f3d3f1838,Kandy to Nuwara Eliya,Sri Lanka,"","","",""
2e0c0232-8ddb-4922-a442-28a678631606,Kataragama Temple,Sri Lanka,"","","",""
75dc2135-c475-4258-a029-5e3318163869,Kelaniya Temple,Sri Lanka,"","","",""
605067c0-6c7a-4b3a-ad13-02d4e2644d44,Kotugoda,Sri Lanka,"","","",""
5acace31-57a7-45bd-a549-6ba102f74bc4,Lipton's Seat,Sri Lanka,"","","",""
35605b9f-0a28-42a4-9220-2bd47da72dc5,Little Adam's Peak,Sri Lanka,"","","",""
5c1f1060-ee67-4900-8d72-a69bf43ff653,Loolecondera Tea Estate,Sri Lanka,"","","",""
d8e0fc81-8a7d-4323-a11d-f160f01c61c0,Loolkandura,Sri Lanka,"","","",""
eb14be94-84e8-484e-a7bf-9faa412647e1,Loolkandura to Tawalantenne,Sri Lanka,"","","",""
e9e0ab18-29dd-4c07-badb-c6a68d5c5d18,Makulella to Ella,Sri Lanka,"","","",""
98a9eebc-1d3d-46cd-ade0-1fa687953c4c,mangroves,Sri Lanka,"","","",""
03d9f045-e429-40af-a216-f11e0d595174,Matale,Sri Lanka,"","","",""
7fc16bde-1a19-4ed5-9737-efb5d5bfea10,Mihintale,Sri Lanka,"","","",""
3a051f4a-2e3f-4894-84c1-6270d3abff3e,Minneriya National Park,Sri Lanka,"","","",""
1119f662-f26b-4ed4-8543-2a8ffa95825a,Minneriya Park,Sri Lanka,"","","",""
9cbce230-2e31-4f96-8471-8707df3d55da,Mirissa,Sri Lanka,"","","",""
1d035abc-c6c3-455e-bc1e-db3164d2ca78,Mirissa Harbour,Sri Lanka,"","","",""
687b1e5c-25b6-45ed-9b68-57f3761aadba,mirror wall,Sri Lanka,"","","",""
8645b899-0039-4311-b2b3-ab8a427e4fe9,Mobile Tented Camp,Sri Lanka,"","","",""
a12d4089-b438-4d53-bba1-961d373ec0ed,moonstone mines,Sri Lanka,"","","",""
43df60eb-086b-464d-8e26-26e23634ac17,Negombo,Sri Lanka,"","","",""
d09af90e-b638-4268-b3d7-9536b4aa103f,Negombo Beach,Sri Lanka,"","","",""
c4f651ef-67fd-4d59-96ff-0339ab9187c5,Negombo Fishing Village,Sri Lanka,"","","",""
7e02a956-5d73-4b77-b6de-64d898c5a3d9,Nuwara Eliya,Sri Lanka,"","","",""
1ed93123-8d79-4612-9c82-fac04f1bc36f,Peradeniya Botanical Gardens,Sri Lanka,"","","",""
722a39c2-23b4-485b-afb6-dedcc9b4e47e,Peradeniya Gardens,Sri Lanka,"","","",""
398cc44d-9364-497c-ad10-cc9c42f25184,Peradeniya Royal Botanical Garden,Sri Lanka,"","","",""
37a3133c-e4f8-4477-b527-5ad66e814a93,Pidurangala Rock,Sri Lanka,"","","",""
f05fc17b-80a5-47d3-afe7-780e6ca06baa,Pinnawala Elephant Orphanage,Sri Lanka,"","","",""
dfd9a986-87ba-4a42-a978-e060eded94fd,Pinnawela Elephant Orphanage,Sri Lanka,"","","",""
64d60df0-bec8-4b02-9531-1e9781440148,Polonnaruwa,Sri Lanka,"","","",""
e53769b5-f57f-488b-b094-352ab7b42d03,Ravana Falls,Sri Lanka,"","","",""
a7d3f607-5351-4e65-ac3b-ab645287537c,Ritigala Monastery,Sri Lanka,"","","",""
bb15429c-7b35-4557-b309-792f68a1eee7,river safari,Sri Lanka,"","","",""
d34426ea-bae4-45c1-b95d-8fb86e168d0d,Royal Botanical Gardens,Sri Lanka,"","","",""
4795189f-59da-4644-8ff3-b205442ed97e,Royal Botanical Gardens at Peradeniya,Sri Lanka,"","","",""
117e5673-7e7a-4325-adea-ca16491499c4,sea turtle hatchery,Sri Lanka,"","","",""
576c4960-c56c-4b0e-8d79-03e84c49b5cb,Sigiriya,Sri Lanka,"","","",""
9d8974de-8e7d-42f1-a63f-00c5c5413c10,Sigiriya Lion's Rock,Sri Lanka,"","","",""
a2586c69-af7d-4366-8f04-4adcd624e2c2,Sigiriya Rock Fortress,Sri Lanka,"","","",""
424250f5-cd55-4b58-aa25-21fa9faaadca,Sigiriya's Lion's Rock,Sri Lanka,"","","",""
3670d352-35e9-49dc-9744-4fc74f101896,St. Claire and Devon Falls,Sri Lanka,"","","",""
b29e415f-fe51-4e92-ae60-c8196002a924,Tangalle,Sri Lanka,"","","",""
fb40679d-b692-4008-9f2d-84f0a76c7403,tea factory,Sri Lanka,"","","",""
70b4d3b8-bdce-4405-81e4-c816bc69a9b7,tea plantation and factory,Sri Lanka,"","","",""
7cbcccc8-a41a-47b2-84bb-2ff1903bb737,Tea Planter's Bungalow,Sri Lanka,"","","",""
05eb2095-0dcb-49ae-895c-ad3ae0d983c1,Temple of the Tooth,Sri Lanka,"","","",""
eda2078b-52d0-421e-94e5-9d3bceec17ee,Temple of the Tooth Relic,Sri Lanka,"","","",""
0e53d7cf-9638-49aa-9e89-c0c93f20fdd2,Trincomalee,Sri Lanka,"","","",""
4934658f-5270-47c9-bca4-d3c3ea5b6e0b,turtle hatchery,Sri Lanka,"","","",""
8de7ec9a-5673-4c3d-9e55-dadcfdda4f74,Udawalawe National Park,Sri Lanka,"","","",""
784ec017-24f1-4d38-ac94-737cc471b64f,Udaweriya,Sri Lanka,"","","",""
24356559-ca80-47c6-866a-2660b7d503e2,Udaweriya to Haputale,Sri Lanka,"","","",""
1b25f236-9efe-4780-8588-97759d0d7c29,Udupusellawa to Kandapola,Sri Lanka,"","","",""
f2f42dba-2c24-4b12-b8d0-fac2a3f079c9,Unawatuna,Sri Lanka,"","","",""
4c122e0d-641a-4b1e-8265-febd5648aba1,working estate,Sri Lanka,"","","",""
6c195f9c-68b8-4fe6-b4f5-b0b89a7d8275,working estates,Sri Lanka,"","","",""
0d2205d3-525f-46d2-9f0f-ec7a6463212d,Yala National Park,Sri Lanka,"","","",""
ffee19a0-35c6-4391-b84f-62e03b2e8339,Yapahuwa,Sri Lanka,"","","",""
